sentence,category,company
facility disruptions could interrupt production schedules,operational,NVDA
vendor performance issues may affect delivery timelines,operational,AAPL
labor disputes or shortages may disrupt our operations,operational,TSLA
industry-specific regulations create compliance complexity,regulatory,AMZN
workplace safety incidents could result in operational shutdowns,operational,AMZN
changes in government regulations may increase compliance costs,regulatory,NVDA
customer concentration increases dependency risks,market,META
disruptions to our supply chain could materially impact operations,operational,TSLA
sovereign debt crises may impact international markets,international,NVDA
environmental regulations may require costly operational changes,regulatory,AAPL
interest rate fluctuations could increase our borrowing costs,financial,AAPL
workplace safety incidents may result in operational shutdowns,operational,GOOGL
digital transformation initiatives carry execution risks,technology,AMZN
credit market conditions may limit our access to capital,financial,META
labor laws affect employment practices and compensation,regulatory,MSFT
intellectual property laws affect our ability to protect innovations,regulatory,META
manufacturing capacity constraints limit growth potential,operational,MSFT
pension fund obligations create long-term financial liabilities,financial,GOOGL
sovereign debt crises could impact international markets,international,AMZN
interest rate fluctuations could increase the company's borrowing costs,financial,META
our business depends heavily on key personnel and their continued service,operational,NVDA
we have substantial debt obligations that require significant cash payments,financial,MSFT
failure of the company's information technology systems could harm business,operational,TSLA
cross-border transactions involve foreign exchange risks,international,META
interest rate fluctuations could increase our borrowing costs,financial,TSLA
financial reporting errors could result in restatements,financial,NVDA
the organization face risks from software vulnerabilities and system failures,technology,AAPL
our technology infrastructure requires continuous investment and upgrades,technology,NVDA
labor disputes or shortages could disrupt our operations,operational,AMZN
geopolitical tensions may limit access to certain markets,international,TSLA
market saturation may limit our growth opportunities,market,AMZN
working capital requirements may strain cash resources,financial,MSFT
currency devaluation in emerging markets affects revenue conversion,international,NVDA
we have substantial debt obligations that require significant cash payments,financial,MSFT
we face risks related to product quality and safety standards,operational,MSFT
our business model relies on maintaining operational excellence,operational,NVDA
interest rate fluctuations could increase our borrowing costs,financial,MSFT
workplace safety incidents could result in operational shutdowns,operational,AMZN
commodity price volatility affects our cost structure,financial,AAPL
market consolidation may strengthen competitor positions,market,TSLA
changes in accounting standards could affect reported financial results,financial,NVDA
insurance coverage may be insufficient for potential losses,financial,GOOGL
data loss incidents could damage customer relationships,technology,TSLA
regional conflicts could disrupt supply chains,international,MSFT
machine learning algorithms require continuous model updates,technology,META
our technology infrastructure requires continuous investment and upgrades,technology,META
industry-specific regulations create compliance complexity,regulatory,AMZN
intellectual property disputes may result in licensing costs,regulatory,TSLA
international expansion requires significant capital investment,international,TSLA
cultural differences require localized business approaches,international,TSLA
brexit impacts our european operations,international,TSLA
rapid technological change could make our products obsolete,technology,AMZN
economic uncertainty affects customer purchasing decisions,market,GOOGL
export controls may restrict international business activities,regulatory,AAPL
financial services regulations require ongoing compliance monitoring,regulatory,AAPL
commodity price volatility affects the company's cost structure,financial,TSLA
interest rate fluctuations may increase our borrowing costs,financial,AMZN
diplomatic relations affect international business opportunities,international,TSLA
foreign regulatory requirements create compliance complexity,international,AMZN
emerging technologies may disrupt current business models,technology,AMZN
intense competition could reduce our market share and pricing power,market,AAPL
cybersecurity threats could compromise sensitive data and systems,technology,MSFT
customer acquisition costs continue to increase in competitive markets,market,MSFT
our success depends on accurately anticipating market trends,market,TSLA
immigration policies may restrict talent acquisition,international,MSFT
our financial performance depends on effective cash management,financial,AMZN
cyclical demand patterns create revenue volatility,market,META
tax law changes could increase our effective tax rate,financial,AAPL
artificial intelligence and automation may disrupt our industry,technology,MSFT
cross-border transactions involve foreign exchange risks,international,META
we face risks related to product quality and safety standards,operational,TSLA
international trade disputes may result in tariffs or restrictions,international,META
sovereign debt crises could impact international markets,international,AAPL
we face risks related to product quality and safety standards,operational,AMZN
cybersecurity threats could compromise sensitive data and systems,technology,TSLA
we face risks from software vulnerabilities and system failures,technology,MSFT
facility disruptions could interrupt production schedules,operational,MSFT
healthcare regulations impact our product development and marketing,regulatory,AMZN
securities regulations govern our reporting and disclosure requirements,regulatory,AMZN
we face risks from software vulnerabilities and system failures,technology,NVDA
changing demographics affect our target market,market,AAPL
cloud infrastructure outages could disrupt customer service,technology,MSFT
foreign regulatory requirements create compliance complexity,international,AAPL
we depend on third-party manufacturers for key components,operational,AAPL
new market entrants could disrupt established relationships,market,AMZN
data privacy laws impose significant compliance obligations,regulatory,NVDA
intense competition may reduce our market share and pricing power,market,TSLA
manufacturing defects could result in product recalls and liability,operational,NVDA
cultural differences require localized business approaches,international,META
the organization face risks from varying international legal systems,international,AAPL
we depend on cloud service providers for critical operations,technology,GOOGL
environmental regulations may require costly operational changes,regulatory,AAPL
cyclical demand patterns create revenue volatility,market,AMZN
international tax treaties affect global tax strategy,international,MSFT
cybersecurity threats could compromise sensitive data and systems,technology,TSLA
operational inefficiencies could increase costs and reduce margins,operational,MSFT
global economic conditions affect the company's international operations,international,META
we face risks from inadequate business continuity planning,operational,NVDA
market saturation could limit our growth opportunities,market,MSFT
system scalability issues may limit business expansion,technology,AMZN
healthcare regulations impact our product development and marketing,regulatory,META
we operate in highly competitive markets with pricing pressure,market,AAPL
facility disruptions could interrupt production schedules,operational,AMZN
industry-specific regulations create compliance complexity,regulatory,AMZN
debt covenant violations could accelerate payment obligations,financial,GOOGL
cultural differences require localized business approaches,international,MSFT
operational inefficiencies could increase costs and reduce margins,operational,GOOGL
the organization face risks related to product quality and safety standards,operational,GOOGL
process automation failures could reduce efficiency,operational,MSFT
data loss incidents could damage customer relationships,technology,MSFT
foreign currency exchange rate changes affect the company's financial results,financial,AMZN
labor disputes or shortages could disrupt the company's operations,operational,AAPL
credit market conditions may limit our access to capital,financial,META
our technology infrastructure requires continuous investment and upgrades,technology,TSLA
data privacy laws impose significant compliance obligations,regulatory,AMZN
brand reputation damage may impact market position,market,AAPL
pension obligations create long-term financial commitments,financial,NVDA
we have substantial debt obligations that require significant cash payments,financial,MSFT
regional conflicts could disrupt supply chains,international,NVDA
export controls may restrict international business activities,regulatory,META
international tax treaties affect global tax strategy,international,META
currency devaluation in emerging markets affects revenue conversion,international,META
global economic conditions affect our international operations,international,TSLA
market consolidation could strengthen competitor positions,market,NVDA
changes in accounting standards could affect reported financial results,financial,META
labor laws affect employment practices and compensation,regulatory,META
we depend on cloud service providers for critical operations,technology,AAPL
disruptions to our supply chain could materially impact operations,operational,GOOGL
debt covenant violations could accelerate payment obligations,financial,AAPL
we face risks from inadequate business continuity planning,operational,AMZN
we face risks related to product quality and safety standards,operational,META
diplomatic relations affect international business opportunities,international,MSFT
technology integration challenges could disrupt business operations,technology,GOOGL
our business depends heavily on key personnel and their continued service,operational,NVDA
economic downturns typically reduce demand for our products,market,NVDA
vendor performance issues may affect delivery timelines,operational,META
our financial performance depends on effective cash management,financial,MSFT
industry-specific regulations create compliance complexity,regulatory,TSLA
immigration policies may restrict talent acquisition,international,MSFT
we depend on third-party manufacturers for key components,operational,GOOGL
geopolitical tensions could limit access to certain markets,international,AMZN
we face risks from software vulnerabilities and system failures,technology,AMZN
we depend on third-party manufacturers for key components,operational,AMZN
disruptions to our supply chain could materially impact operations,operational,NVDA
sovereign debt crises could impact international markets,international,AMZN
we face credit risk from customers who may not pay amounts owed,financial,NVDA
international trade policies affect our global operations,regulatory,META
immigration policies may restrict talent acquisition,international,META
debt covenant violations may accelerate payment obligations,financial,NVDA
our financial performance depends on effective cash management,financial,AMZN
the company's success depends on accurately anticipating market trends,market,NVDA
economic downturns typically reduce demand for our products,market,TSLA
healthcare regulations impact our product development and marketing,regulatory,AAPL
digital transformation initiatives carry execution risks,technology,TSLA
technology vendor dependencies create operational risks,technology,AAPL
intellectual property theft could undermine competitive advantages,technology,TSLA
competitive responses to our strategies could reduce effectiveness,market,NVDA
system scalability issues may limit business expansion,technology,AAPL
we face risks from varying international legal systems,international,GOOGL
financial reporting errors could result in restatements,financial,AAPL
foreign regulatory requirements create compliance complexity,international,NVDA
antitrust laws may limit our business strategies and acquisitions,regulatory,NVDA
economic uncertainty affects customer purchasing decisions,market,AMZN
legacy system limitations may constrain business growth,technology,TSLA
healthcare regulations impact our product development and marketing,regulatory,AMZN
political instability in key markets could disrupt operations,international,AAPL
we face credit risk from customers who may not pay amounts owed,financial,GOOGL
currency devaluation in emerging markets affects revenue conversion,international,META
insurance coverage may be insufficient for potential losses,financial,NVDA
changes in government regulations could increase compliance costs,regulatory,META
intense competition could reduce our market share and pricing pothe organizationr,market,TSLA
international expansion requires significant capital investment,international,AAPL
cyclical demand patterns create revenue volatility,market,GOOGL
credit market conditions may limit our access to capital,financial,META
seasonal variations affect quarterly performance,market,TSLA
we operate in highly competitive markets with pricing pressure,market,META
changes in government regulations could increase compliance costs,regulatory,GOOGL
data privacy laws impose significant compliance obligations,regulatory,TSLA
workplace safety incidents could result in operational shutdowns,operational,NVDA
cross-border transactions involve foreign exchange risks,international,GOOGL
customer concentration increases dependency risks,market,AMZN
emerging technologies could disrupt current business models,technology,AAPL
debt covenant violations could accelerate payment obligations,financial,GOOGL
safety regulations mandate expensive testing and certification,regulatory,META
emerging technologies could disrupt current business models,technology,META
distribution channel conflicts may reduce market access,market,AAPL
the organization depend on cloud service providers for critical operations,technology,META
distribution channel conflicts may reduce market access,market,META
data breaches could result in significant costs and reputation damage,technology,MSFT
new market entrants may disrupt established relationships,market,META
data loss incidents could damage customer relationships,technology,META
immigration policies may restrict talent acquisition,international,NVDA
the company's business model relies on maintaining operational excellence,operational,MSFT
working capital requirements may strain cash resources,financial,AMZN
intellectual property theft could undermine competitive advantages,technology,TSLA
seasonal variations affect quarterly performance,market,META
intellectual property laws affect our ability to protect innovations,regulatory,AAPL
intellectual property laws affect the company's ability to protect innovations,regulatory,AAPL
facility disruptions could interrupt production schedules,operational,AMZN
the company's financial performance depends on effective cash management,financial,AAPL
safety regulations mandate expensive testing and certification,regulatory,AMZN
regional conflicts could disrupt supply chains,international,NVDA
disruptions to the company's supply chain could materially impact operations,operational,GOOGL
technology integration challenges may disrupt business operations,technology,AAPL
our technology infrastructure requires continuous investment and upgrades,technology,AMZN
economic downturns typically reduce demand for our products,market,META
intense competition could reduce our market share and pricing power,market,AMZN
our success depends on accurately anticipating market trends,market,NVDA
economic uncertainty affects customer purchasing decisions,market,NVDA
failure of our information technology systems could harm business,operational,NVDA
technology vendor dependencies create operational risks,technology,GOOGL
changes in accounting standards may affect reported financial results,financial,AAPL
credit market conditions may limit the company's access to capital,financial,MSFT
our business model relies on maintaining operational excellence,operational,AMZN
product liability regulations increase litigation exposure,regulatory,GOOGL
the organization operate in highly competitive markets with pricing pressure,market,TSLA
international tax treaties affect global tax strategy,international,TSLA
we face risks from varying international legal systems,international,AMZN
cyclical demand patterns create revenue volatility,market,MSFT
securities regulations govern our reporting and disclosure requirements,regulatory,TSLA
changes in government regulations could increase compliance costs,regulatory,TSLA
legacy system limitations may constrain business growth,technology,AMZN
market consolidation could strengthen competitor positions,market,TSLA
foreign currency exchange rate changes affect our financial results,financial,NVDA
insurance coverage may be insufficient for potential losses,financial,NVDA
changing consumer preferences may make our products less attractive,market,NVDA
international tax treaties affect global tax strategy,international,META
insurance coverage may be insufficient for potential losses,financial,META
our business depends heavily on key personnel and their continued service,operational,GOOGL
the organization have substantial debt obligations that require significant cash payments,financial,AMZN
political instability in key markets could disrupt operations,international,AAPL
process automation failures could reduce efficiency,operational,NVDA
tax regulations require complex compliance across multiple jurisdictions,regulatory,MSFT
tax law changes may increase our effective tax rate,financial,AAPL
digital transformation initiatives carry execution risks,technology,AMZN
liquidity constraints could impact the company's ability to fund operations,financial,AMZN
financial reporting errors may result in restatements,financial,MSFT
technology vendor dependencies create operational risks,technology,AAPL
technology integration challenges could disrupt business operations,technology,TSLA
antitrust laws may limit our business strategies and acquisitions,regulatory,AAPL
liquidity constraints could impact our ability to fund operations,financial,META
legacy system limitations may constrain business growth,technology,META
process automation failures may reduce efficiency,operational,AMZN
operational inefficiencies may increase costs and reduce margins,operational,AMZN
our business model relies on maintaining operational excellence,operational,AMZN
financial reporting errors could result in restatements,financial,AAPL
tax law changes could increase our effective tax rate,financial,NVDA
economic uncertainty affects customer purchasing decisions,market,GOOGL
new market entrants could disrupt established relationships,market,GOOGL
economic uncertainty affects customer purchasing decisions,market,META
process automation failures could reduce efficiency,operational,AMZN
healthcare regulations impact the company's product development and marketing,regulatory,MSFT
we face risks from varying international legal systems,international,GOOGL
political instability in key markets may disrupt operations,international,AMZN
securities regulations govern our reporting and disclosure requirements,regulatory,TSLA
artificial intelligence and automation may disrupt our industry,technology,AAPL
labor laws affect employment practices and compensation,regulatory,NVDA
quantum computing advances may threaten current encryption,technology,AAPL
cross-border transactions involve foreign exchange risks,international,META
pension obligations create long-term financial commitments,financial,AMZN
product liability regulations increase litigation exposure,regulatory,AAPL
distribution channel conflicts may reduce market access,market,AAPL
cultural differences require localized business approaches,international,GOOGL
brand reputation damage could impact market position,market,AAPL
pension obligations create long-term financial commitments,financial,AAPL
foreign regulatory requirements create compliance complexity,international,AAPL
international expansion requires significant capital investment,international,AAPL
regional conflicts may disrupt supply chains,international,TSLA
legacy system limitations may constrain business growth,technology,META
tax regulations require complex compliance across multiple jurisdictions,regulatory,AMZN
we depend on cloud service providers for critical operations,technology,AMZN
tax regulations require complex compliance across multiple jurisdictions,regulatory,NVDA
data loss incidents could damage customer relationships,technology,MSFT
global economic conditions affect our international operations,international,NVDA
our financial performance depends on effective cash management,financial,AMZN
our success depends on accurately anticipating market trends,market,AMZN
export controls may restrict international business activities,regulatory,TSLA
data breaches may result in significant costs and reputation damage,technology,NVDA
cultural differences require localized business approaches,international,TSLA
supply chain disruptions from natural disasters pose operational risks,operational,MSFT
emerging technologies could disrupt current business models,technology,NVDA
environmental regulations may require costly operational changes,regulatory,GOOGL
product liability regulations increase litigation exposure,regulatory,AMZN
changing consumer preferences could make our products less attractive,market,NVDA
working capital requirements may strain cash resthe company'sces,financial,NVDA
cyclical demand patterns create revenue volatility,market,MSFT
financial services regulations require ongoing compliance monitoring,regulatory,AAPL
environmental regulations may require costly operational changes,regulatory,META
debt covenant violations could accelerate payment obligations,financial,GOOGL
tax law changes could increase our effective tax rate,financial,AAPL
international expansion requires significant capital investment,international,AMZN
distribution channel conflicts may reduce market access,market,AMZN
political instability in key markets could disrupt operations,international,TSLA
data breaches could result in significant costs and reputation damage,technology,AAPL
pension obligations create long-term financial commitments,financial,TSLA
export controls may restrict international business activities,regulatory,META
international trade disputes may result in tariffs or restrictions,international,GOOGL
the organization face credit risk from customers who may not pay amounts othe organizationd,financial,MSFT
working capital management affects short-term liquidity,financial,GOOGL
rapid technological change could make our products obsolete,technology,AMZN
commodity price volatility affects our cost structure,financial,TSLA
intellectual property theft could undermine competitive advantages,technology,TSLA
manufacturing defects could result in product recalls and liability,operational,TSLA
diplomatic relations affect international business opportunities,international,AAPL
process automation failures could reduce efficiency,operational,GOOGL
labor laws affect employment practices and compensation,regulatory,AMZN
foreign currency exchange rate changes affect our financial results,financial,MSFT
international trade policies affect our global operations,regulatory,AMZN
competitive responses to the company's strategies could reduce effectiveness,market,GOOGL
economic downturns typically reduce demand for our products,market,TSLA
failure of our information technology systems could harm business,operational,TSLA
our business model relies on maintaining operational excellence,operational,NVDA
we depend on third-party manufacturers for key components,operational,META
market saturation could limit our growth opportunities,market,NVDA
financial reporting errors could result in restatements,financial,AMZN
political instability in key markets could disrupt operations,international,TSLA
the company's technology infrastructure requires continuous investment and upgrades,technology,MSFT
distribution channel conflicts may reduce market access,market,TSLA
liquidity constraints could impact our ability to fund operations,financial,META
employee retention challenges could impact operational capability,operational,TSLA
international trade policies affect our global operations,regulatory,META
currency devaluation in emerging markets affects revenue conversion,international,META
technology vendor dependencies create operational risks,technology,TSLA
our success depends on accurately anticipating market trends,market,AAPL
manufacturing defects could result in product recalls and liability,operational,META
system scalability issues may limit business expansion,technology,GOOGL
customer concentration increases dependency risks,market,AMZN
labor laws affect employment practices and compensation,regulatory,GOOGL
antitrust laws may limit our business strategies and acquisitions,regulatory,GOOGL
foreign regulatory requirements create compliance complexity,international,META
our business depends heavily on key personnel and their continued service,operational,TSLA
financial services regulations require ongoing compliance monitoring,regulatory,AAPL
global economic conditions affect our international operations,international,GOOGL
changes in accounting standards could affect reported financial results,financial,META
changes in government regulations could increase compliance costs,regulatory,AAPL
geopolitical tensions could limit access to certain markets,international,GOOGL
seasonal variations affect quarterly performance,market,NVDA
market saturation could limit the company's growth opportunities,market,MSFT
liquidity constraints may impact our ability to fund operations,financial,NVDA
product liability regulations increase litigation exposure,regulatory,TSLA
brand reputation damage could impact market position,market,AAPL
vendor performance issues may affect delivery timelines,operational,MSFT
the organization face risks from inadequate business continuity planning,operational,AMZN
labor disputes or shortages could disrupt our operations,operational,AAPL
intellectual property laws affect our ability to protect innovations,regulatory,TSLA
artificial intelligence and automation may disrupt our industry,technology,AMZN
new market entrants could disrupt established relationships,market,META
global economic conditions affect our international operations,international,AAPL
the organization depend on third-party manufacturers for key components,operational,MSFT
system scalability issues may limit business expansion,technology,AMZN
environmental regulations may require costly operational changes,regulatory,TSLA
safety regulations mandate expensive testing and certification,regulatory,MSFT
export controls may restrict international business activities,regulatory,NVDA
changing consumer preferences could make our products less attractive,market,MSFT
geopolitical tensions could limit access to certain markets,international,GOOGL
working capital requirements may strain cash resources,financial,AAPL
vendor performance issues may affect delivery timelines,operational,MSFT
working capital requirements may strain cash resources,financial,MSFT
pension obligations create long-term financial commitments,financial,TSLA
regional conflicts could disrupt supply chains,international,MSFT
disruptions to our supply chain may materially impact operations,operational,MSFT
artificial intelligence and automation may disrupt the company's industry,technology,AAPL
market research indicates shifting consumer preferences,market,AMZN
vendor performance issues may affect delivery timelines,operational,MSFT
cybersecurity threats could compromise sensitive data and systems,technology,TSLA
failure of our information technology systems could harm business,operational,AMZN
economic downturns typically reduce demand for the company's products,market,GOOGL
manufacturing defects could result in product recalls and liability,operational,META
diplomatic relations affect international business opportunities,international,NVDA
currency devaluation in emerging markets affects revenue conversion,international,TSLA
brand reputation damage could impact market position,market,NVDA
securities regulations govern our reporting and disclosure requirements,regulatory,AAPL
international expansion requires significant capital investment,international,AMZN
geopolitical tensions could limit access to certain markets,international,AMZN
technology integration challenges could disrupt business operations,technology,NVDA
data privacy laws impose significant compliance obligations,regulatory,MSFT
customer concentration increases dependency risks,market,AMZN
seasonal variations affect quarterly performance,market,MSFT
industry-specific regulations create compliance complexity,regulatory,TSLA
sovereign debt crises could impact international markets,international,GOOGL
antitrust laws may limit the company's business strategies and acquisitions,regulatory,MSFT
trade war escalations could affect international revenues,international,NVDA
diplomatic relations affect international business opportunities,international,GOOGL
cybersecurity threats may compromise sensitive data and systems,technology,NVDA
legacy system limitations may constrain business growth,technology,META
intellectual property laws affect our ability to protect innovations,regulatory,MSFT
new market entrants could disrupt established relationships,market,AAPL
changing consumer preferences could make the company's products less attractive,market,GOOGL
manufacturing defects may result in product recalls and liability,operational,META
brand reputation damage could impact market position,market,META
market consolidation could strengthen competitor positions,market,AMZN
rapid technological change could make our products obsolete,technology,AAPL
financial services regulations require ongoing compliance monitoring,regulatory,MSFT
we face credit risk from customers who may not pay amounts owed,financial,GOOGL
employee retention challenges may impact operational capability,operational,GOOGL
international trade disputes may result in tariffs or restrictions,international,TSLA
the company's business depends heavily on key personnel and their continued service,operational,AMZN
we face risks from varying international legal systems,international,TSLA
rising inflation could increase our cost structure,financial,AAPL
we face risks from inadequate business continuity planning,operational,TSLA
credit market conditions may limit our access to capital,financial,AMZN
customer concentration increases dependency risks,market,AMZN
labor disputes or shortages could disrupt our operations,operational,TSLA
safety regulations mandate expensive testing and certification,regulatory,NVDA
system scalability issues may limit business expansion,technology,AAPL
we have substantial debt obligations that require significant cash payments,financial,MSFT
technology integration challenges could disrupt business operations,technology,AAPL
international tax treaties affect global tax strategy,international,NVDA
employee retention challenges could impact operational capability,operational,NVDA
digital transformation initiatives carry execution risks,technology,AAPL
safety regulations mandate expensive testing and certification,regulatory,GOOGL
international trade policies affect the company's global operations,regulatory,AAPL
failure of our information technology systems may harm business,operational,GOOGL
data breaches could result in significant costs and reputation damage,technology,AAPL
foreign currency exchange rate changes affect our financial results,financial,GOOGL
international trade disputes may result in tariffs or restrictions,international,META
tax regulations require complex compliance across multiple jurisdictions,regulatory,META
we operate in highly competitive markets with pricing pressure,market,NVDA
artificial intelligence and automation may disrupt our industry,technology,AMZN
regulatory compliance requires specialized legal expertise,regulatory,NVDA
commodity price volatility affects our cost structure,financial,GOOGL
rapid technological change could make the company's products obsolete,technology,NVDA
climate change regulations may increase operational costs,regulatory,MSFT
data breaches could result in significant costs and reputation damage,technology,NVDA
international trade policies affect our global operations,regulatory,AAPL
employee retention challenges could impact operational capability,operational,AAPL
data loss incidents may damage customer relationships,technology,META
employee retention challenges could impact operational capability,operational,GOOGL
market saturation could limit our growth opportunities,market,GOOGL
competitive responses to our strategies could reduce effectiveness,market,GOOGL
currency hedging strategies may not fully mitigate exchange rate risks,international,AAPL
competitive responses to our strategies could reduce effectiveness,market,NVDA
we operate in highly competitive markets with pricing pressure,market,NVDA
facility disruptions may interrupt production schedules,operational,AAPL
we face risks from inadequate business continuity planning,operational,AAPL
intellectual property theft could undermine competitive advantages,technology,META
data privacy laws impose significant compliance obligations,regulatory,TSLA
antitrust laws may limit our business strategies and acquisitions,regulatory,TSLA
operational inefficiencies could increase costs and reduce margins,operational,META
we face risks from software vulnerabilities and system failures,technology,TSLA
changing consumer preferences could make our products less attractive,market,AAPL
securities regulations govern the company's reporting and disclosure requirements,regulatory,NVDA
market consolidation could strengthen competitor positions,market,GOOGL
international trade disputes may result in tariffs or restrictions,international,META
product liability regulations increase litigation exposure,regulatory,META
cross-border transactions involve foreign exchange risks,international,GOOGL
intellectual property theft may undermine competitive advantages,technology,AMZN
financial services regulations require ongoing compliance monitoring,regulatory,TSLA
rapid technological change may make our products obsolete,technology,AAPL
insurance coverage may be insufficient for potential losses,financial,TSLA
commodity price volatility affects our cost structure,financial,TSLA
intense competition could reduce the company's market share and pricing power,market,META
technology vendor dependencies create operational risks,technology,MSFT
liquidity constraints could impact our ability to fund operations,financial,NVDA
emerging technologies could disrupt current business models,technology,GOOGL
foreign currency exchange rate changes affect our financial results,financial,META
we depend on cloud service providers for critical operations,technology,MSFT
seasonal variations affect quarterly performance,market,AMZN
tax law changes could increase the company's effective tax rate,financial,AAPL
equipment maintenance schedules affect production efficiency,operational,MSFT
operational inefficiencies could increase costs and reduce margins,operational,META
competitive responses to our strategies may reduce effectiveness,market,TSLA
workplace safety incidents could result in operational shutdowns,operational,NVDA
we face credit risk from customers who may not pay amounts owed,financial,GOOGL
tax regulations require complex compliance across multiple jurisdictions,regulatory,GOOGL
digital transformation initiatives carry execution risks,technology,AAPL
immigration policies may restrict talent acquisition,international,AAPL
changes in accounting standards could affect reported financial results,financial,AMZN
